{"responseTimeHolder":{"channelResponseTime":[{"channelId":94991,"responseTime":88}],"channelResponseTimesFor7Days":[{"channelId":94991,"responseTime":135}],"channelCustomResponse":[]},"userRules":[],"channelResponse":{"channels":[{"appId":257942386049016,"channelId":94991,"name":"LiveChat","created":1565729415549,"updated":1635917172468,"welcomeMessage":{"messageId":0,"messageType":1,"messageUserId":0,"conversationId":0,"appId":257942386049016,"createdMillis":0,"updatedMillis":0,"readByUser":false,"messageFragments":[{"fragmentType":1,"contentType":"text/html","content":"Hello there! Need help? \r\nPlease write your Order ID if your question is order related.","position":0}],"source":0,"ruleId":0,"articleContentId":0,"deliveredAt":0,"cobrowsingId":0,"labelId":0,"labelCategoryId":0,"shouldTranslate":0,"read":false,"marketingId":0,"messageUserType":2,"marketingReplyId":-1,"isResponseForBot":false,"conversationChannelId":0,"hideComposer":false},"isDisabled":false,"position":1,"type":"BOTH","groupId":0,"isDefaultChannel":true,"tags":[],"restricted":false,"channelAlias":"f9f360b2-a80d-4dd1-af97-325b9bc155c4","source":"FRESHCHAT","channelContents":[{"channelContentId":0,"channelId":0,"localeId":0,"deleted":false,"hidden":false,"appId":0,"groupId":0,"isCustomRespMsg":false}],"operatingHoursId":0,"serviceAccountId":0,"flowBusinessHourType":"BUSINESS_HOUR_ALWAYS","channelMeta":{"canMigrateToPMP":false}},{"appId":257942386049016,"channelId":174260,"name":"","created":1573479895521,"updated":1635917172468,"welcomeMessage":{"messageId":0,"messageType":1,"messageUserId":0,"conversationId":0,"appId":0,"createdMillis":0,"updatedMillis":0,"readByUser":false,"messageFragments":[{"fragmentType":1,"contentType":"text/html","content":"","position":0}],"source":0,"ruleId":0,"articleContentId":0,"deliveredAt":0,"cobrowsingId":0,"labelId":0,"labelCategoryId":0,"shouldTranslate":0,"read":false,"marketingId":0,"messageUserType":2,"marketingReplyId":-1,"isResponseForBot":false,"conversationChannelId":0,"hideComposer":false},"isDisabled":false,"position":2,"type":"BOTH","groupId":0,"isDefaultChannel":false,"tags":["bot preview","fc_bot_preview"],"restricted":true,"channelAlias":"71d8846c-0489-11ea-b303-0e841373f98e","source":"BOT_PREVIEW","channelContents":[{"channelContentId":0,"channelId":0,"localeId":0,"deleted":false,"hidden":false,"appId":0,"groupId":0,"isCustomRespMsg":false}],"operatingHoursId":0,"serviceAccountId":0,"channelMeta":{"canMigrateToPMP":false}},{"appId":257942386049016,"channelId":257684,"name":"New test","created":1635836482063,"updated":1635917211115,"welcomeMessage":{"messageId":0,"messageType":1,"messageUserId":0,"conversationId":0,"appId":257942386049016,"createdMillis":0,"updatedMillis":0,"readByUser":false,"messageFragments":[{"fragmentType":1,"contentType":"text/html","content":"Hello bot","position":0}],"source":0,"ruleId":0,"articleContentId":0,"deliveredAt":0,"cobrowsingId":0,"labelId":0,"labelCategoryId":0,"shouldTranslate":0,"read":false,"marketingId":0,"messageUserType":2,"marketingReplyId":-1,"isResponseForBot":false,"conversationChannelId":0,"hideComposer":false},"isDisabled":false,"position":2,"type":"BOTH","groupId":33693,"isDefaultChannel":false,"tags":["testing"],"restricted":true,"channelAlias":"49e3b9f9-5118-4632-a006-62f3983223ec","source":"FRESHCHAT","channelContents":[{"channelContentId":0,"channelId":0,"localeId":0,"deleted":false,"hidden":false,"appId":0,"groupId":33693,"isCustomRespMsg":false}],"operatingHoursId":0,"flowId":"d58dafac0ed7d28e24f2fe3ca247772a376fbd77","serviceAccountId":545175554574711,"flowBusinessHourType":"BUSINESS_HOUR_ALWAYS","serviceAccount":{"firstName":"FixedFloat Bot","id":545175554574711,"alias":"1295236f-80c2-4673-a7c7-f94f59806c46","profilePicUrl":"https://cdn.freshbots.ai/assets/share/bot-icon/937e3fcde3a4e786d297f02dbe0ba3dee99f7eab/d58dafac0ed7d28e24f2fe3ca247772a376fbd77/bot-icon.jpg?version\u003d1","profilePicThumbUrl":"https://cdn.freshbots.ai/assets/share/bot-icon/937e3fcde3a4e786d297f02dbe0ba3dee99f7eab/d58dafac0ed7d28e24f2fe3ca247772a376fbd77/bot-icon.jpg?version\u003d1"},"channelMeta":{"canMigrateToPMP":false}},{"appId":257942386049016,"channelId":256614,"name":"Test topic","created":1612649761610,"updated":1635917172468,"welcomeMessage":{"messageId":0,"messageType":1,"messageUserId":0,"conversationId":0,"appId":257942386049016,"createdMillis":0,"updatedMillis":0,"readByUser":false,"messageFragments":[{"fragmentType":1,"contentType":"text/html","content":"Hello","position":0}],"source":0,"ruleId":0,"articleContentId":0,"deliveredAt":0,"cobrowsingId":0,"labelId":0,"labelCategoryId":0,"shouldTranslate":0,"read":false,"marketingId":0,"messageUserType":2,"marketingReplyId":-1,"isResponseForBot":false,"conversationChannelId":0,"hideComposer":false},"isDisabled":false,"position":3,"type":"BOTH","groupId":0,"isDefaultChannel":false,"tags":["testing"],"restricted":true,"channelAlias":"0932dd4a-cc24-466e-88a9-99d83c6f08ca","source":"FRESHCHAT","channelContents":[{"channelContentId":0,"channelId":0,"localeId":0,"deleted":false,"hidden":false,"appId":0,"groupId":0,"isCustomRespMsg":false}],"operatingHoursId":0,"flowId":"135e29fb39a56e737300095b564308e19059ad9c","serviceAccountId":545095029325861,"flowBusinessHourType":"BUSINESS_HOUR_ALWAYS","serviceAccount":{"firstName":"Test bot","id":545095029325861,"alias":"5dc53f9e-3681-4cf0-9aef-aa9740c440ae","profilePicUrl":"https://cdn.freshbots.ai/assets/imgs/g3_icons/widget-avatar/avatar_1.png","profilePicThumbUrl":"https://cdn.freshbots.ai/assets/imgs/g3_icons/widget-avatar/avatar_1.png"},"channelMeta":{"canMigrateToPMP":false}}],"contentLocale":{"localeId":1,"language":"eng","displayCode":"en","displayName":"English","direction":"ltr","fdLocaleId":"en","parentLocaleId":0,"isVisible":true},"lastModifiedAt":1635917211122},"operatingHoursResponse":{"operatingHours":[{"timezone":"UTC","awayMessage":{"messageId":0,"messageType":5,"messageUserId":0,"conversationId":0,"appId":257942386049016,"createdMillis":0,"updatedMillis":0,"readByUser":false,"messageFragments":[{"fragmentType":1,"contentType":"text/html","content":"We are away now","position":0}],"source":0,"ruleId":0,"articleContentId":0,"deliveredAt":0,"cobrowsingId":0,"labelId":0,"labelCategoryId":0,"shouldTranslate":0,"read":false,"marketingId":0,"messageUserType":0,"marketingReplyId":-1,"isResponseForBot":false,"conversationChannelId":0,"hideComposer":false},"days":{"0":"36000;61200;","1":"36000;61200;","2":"36000;61200;","3":"36000;61200;","4":"36000;61200;","5":"36000;61200;","6":"36000;61200;"},"working":{"0":"true","1":"true","2":"true","3":"true","4":"true","5":"true","6":"true"},"enabled":false,"appId":257942386049016,"operatingHoursId":75160,"created":1565729415919,"workingDaily":false,"serverTimeInMillis":1657308643143,"name":"Default Business Hour","defaultBhr":true,"isCalendarLinked":false,"operatingHoursType":"CUSTOM"}]},"offlineExperienceResponse":{"appId":257942386049016,"offlineExpEnabled":false,"awayMessage":{"messageId":0,"messageType":1,"messageUserId":0,"conversationId":0,"appId":257942386049016,"createdMillis":0,"updatedMillis":0,"readByUser":false,"messageFragments":[{"fragmentType":1,"contentType":"text/html","content":"Hi! We are currently away. Please leave a message and our team will reach out to you at the earliest.","position":0}],"source":0,"ruleId":0,"articleContentId":0,"deliveredAt":0,"cobrowsingId":0,"labelId":0,"labelCategoryId":0,"shouldTranslate":0,"read":false,"marketingId":0,"messageUserType":0,"marketingReplyId":-1,"isResponseForBot":false,"conversationChannelId":0,"hideComposer":false},"endMessage":{"messageId":0,"messageType":1,"messageUserId":0,"conversationId":0,"appId":257942386049016,"createdMillis":0,"updatedMillis":0,"readByUser":false,"messageFragments":[{"fragmentType":1,"contentType":"text/html","content":"Thank you for reaching out.","position":0}],"source":0,"ruleId":0,"articleContentId":0,"deliveredAt":0,"cobrowsingId":0,"labelId":0,"labelCategoryId":0,"shouldTranslate":0,"read":false,"marketingId":0,"messageUserType":0,"marketingReplyId":-1,"isResponseForBot":false,"conversationChannelId":0,"hideComposer":false},"localeId":1,"channelIds":[94991,257684,256614],"contactInfo":0},"messageMaskConfigList":[],"requestsWhiteListedDomains":[],"categoryResponse":{"categories":[],"contentLocale":{"localeId":1,"language":"eng","displayCode":"en","displayName":"English","direction":"ltr","fdLocaleId":"en","parentLocaleId":0,"isVisible":true},"lastModifiedAt":1612649237764},"isSales360App":false,"isBERuleEngineWorking":false}